site,site.num,block,plot,richness,live.biomass
amcamp.us,1,1,1,12,859.55
amcamp.us,1,1,2,15,399.22
amcamp.us,1,1,3,18,229.34
amcamp.us,1,1,4,11,337.76
amcamp.us,1,1,5,11,337.36
amcamp.us,1,1,6,16,319.55
amcamp.us,1,1,7,9,695.84
amcamp.us,1,1,8,15,639.75
amcamp.us,1,1,9,15,400.13
amcamp.us,1,1,10,12,449.89
amcamp.us,1,2,11,10,632.54
amcamp.us,1,2,12,14,264.51
amcamp.us,1,2,13,10,412.65
amcamp.us,1,2,14,14,460.2
amcamp.us,1,2,15,12,293.54
amcamp.us,1,2,16,11,658.57
amcamp.us,1,2,17,11,379.48
amcamp.us,1,2,18,18,648.86
amcamp.us,1,2,19,15,448.79
amcamp.us,1,2,20,12,423.85
amcamp.us,1,3,21,13,383.6
amcamp.us,1,3,22,14,233.88
amcamp.us,1,3,23,12,466.26
amcamp.us,1,3,24,9,554.42
amcamp.us,1,3,25,16,375.63
amcamp.us,1,3,26,12,323.46
amcamp.us,1,3,27,13,502.66
amcamp.us,1,3,28,13,302.43
amcamp.us,1,3,29,14,375.45
amcamp.us,1,3,30,8,421.08
azi.cn,2,1,1,41,355
azi.cn,2,1,2,39,470
azi.cn,2,1,3,38,441
azi.cn,2,1,4,36,359
azi.cn,2,1,5,37,271.5
azi.cn,2,1,6,40,430.5
azi.cn,2,1,7,40,421.84
azi.cn,2,1,8,34,450.69
azi.cn,2,1,9,34,342.8
azi.cn,2,1,10,26,325.7
azi.cn,2,2,11,42,391.91
azi.cn,2,2,12,43,354.07
azi.cn,2,2,13,38,420.35
azi.cn,2,2,14,38,425
azi.cn,2,2,15,35,396.27
azi.cn,2,2,16,33,388.49
azi.cn,2,2,17,33,315.19
azi.cn,2,2,18,34,354.85
azi.cn,2,2,19,33,382.66
azi.cn,2,2,20,34,356.68
azi.cn,2,3,21,39,370.68
azi.cn,2,3,22,33,382.85
azi.cn,2,3,23,35,272.07
azi.cn,2,3,24,36,384.4
azi.cn,2,3,25,26,364.9
azi.cn,2,3,26,28,378.8
azi.cn,2,3,27,30,326.89
azi.cn,2,3,28,33,331.75
azi.cn,2,3,29,36,292.18
azi.cn,2,3,30,35,317.4
barta.us,3,1,1,16,141.7
barta.us,3,1,2,12,138.3
barta.us,3,1,3,12,225.95
barta.us,3,1,4,12,195.65
barta.us,3,1,5,12,236.9
barta.us,3,1,6,10,241
barta.us,3,1,7,11,104.8
barta.us,3,1,8,10,166.7
barta.us,3,1,9,17,143.75
barta.us,3,1,10,9,206.85
barta.us,3,2,11,15,343.45
barta.us,3,2,12,9,307.25
barta.us,3,2,13,10,184.2
barta.us,3,2,14,10,336.3
barta.us,3,2,15,14,145.85
barta.us,3,2,16,11,185.55
barta.us,3,2,17,10,249
barta.us,3,2,18,13,185.8
barta.us,3,2,19,11,359.45
barta.us,3,2,20,11,74.75
barta.us,3,3,21,13,355.85
barta.us,3,3,22,13,170.05
barta.us,3,3,23,11,252.9
barta.us,3,3,24,10,147.3
barta.us,3,3,25,11,192.45
barta.us,3,3,26,13,294.35
barta.us,3,3,27,13,73.95
barta.us,3,3,28,13,170.6
barta.us,3,3,29,11,158.05
barta.us,3,3,30,11,185
bogong.au,4,1,1,19,430.85
bogong.au,4,1,2,18,316.4
bogong.au,4,1,3,16,526.3
bogong.au,4,1,4,21,476.45
bogong.au,4,1,5,16,737.5
bogong.au,4,1,6,11,288.55
bogong.au,4,1,7,15,273.55
bogong.au,4,1,8,14,375.95
bogong.au,4,1,9,17,475.1
bogong.au,4,1,10,12,683.2
bogong.au,4,2,11,20,213.3
bogong.au,4,2,12,22,474.8
bogong.au,4,2,13,13,742.3
bogong.au,4,2,14,16,460.9
bogong.au,4,2,15,19,196.55
bogong.au,4,2,16,21,269.65
bogong.au,4,2,17,16,346.3
bogong.au,4,2,18,15,526.55
bogong.au,4,2,19,18,298.65
bogong.au,4,2,20,20,302.2
bogong.au,4,3,21,17,333.05
bogong.au,4,3,22,17,390.9
bogong.au,4,3,23,17,423.15
bogong.au,4,3,24,17,407.15
bogong.au,4,3,25,20,380.25
bogong.au,4,3,26,20,469.95
bogong.au,4,3,27,20,257.35
bogong.au,4,3,28,16,490
bogong.au,4,3,29,23,368.15
bogong.au,4,3,30,17,550.8
bldr.us,5,1,1,13,56
bldr.us,5,1,2,9,159
bldr.us,5,1,3,11,157.5
bldr.us,5,1,4,8,87
bldr.us,5,1,5,10,230
bldr.us,5,1,6,11,274.5
bldr.us,5,1,7,7,146.5
bldr.us,5,1,8,11,121.5
bldr.us,5,1,9,13,158
bldr.us,5,1,10,8,174.5
bldr.us,5,2,11,12,155.5
bldr.us,5,2,12,8,194
bldr.us,5,2,13,9,99.5
bldr.us,5,2,14,9,110
bldr.us,5,2,15,10,274.5
bldr.us,5,2,16,11,316
bldr.us,5,2,17,9,205
bldr.us,5,2,18,8,155.5
bldr.us,5,2,19,8,112.5
bldr.us,5,2,20,7,153
bnch.us,6,1,1,11,250.9
bnch.us,6,1,2,13,161.7
bnch.us,6,1,3,11,182.4
bnch.us,6,1,4,9,136.95
bnch.us,6,1,5,11,184
bnch.us,6,1,6,16,136.35
bnch.us,6,1,7,9,135.6
bnch.us,6,1,8,11,133.8
bnch.us,6,1,9,10,141.05
bnch.us,6,1,10,8,151.4
bnch.us,6,2,11,9,96.65
bnch.us,6,2,12,11,97.7
bnch.us,6,2,13,8,66
bnch.us,6,2,14,7,251.2
bnch.us,6,2,15,10,184.75
bnch.us,6,2,16,6,94.6
bnch.us,6,2,17,12,124.35
bnch.us,6,2,18,11,239.6
bnch.us,6,2,19,12,202.15
bnch.us,6,2,20,9,217.5
bnch.us,6,3,21,7,87.95
bnch.us,6,3,22,8,108.8
bnch.us,6,3,23,6,129.85
bnch.us,6,3,24,10,160.05
bnch.us,6,3,25,8,66.7
bnch.us,6,3,26,8,98.15
bnch.us,6,3,27,10,68.35
bnch.us,6,3,28,7,115.3
bnch.us,6,3,29,8,157.15
bnch.us,6,3,30,7,78.8
burrawan.au,7,1,1,14,500.2
burrawan.au,7,1,2,13,492.7
burrawan.au,7,1,3,12,117.8
burrawan.au,7,1,4,14,266.7
burrawan.au,7,1,5,13,819.05
burrawan.au,7,1,6,14,400.95
burrawan.au,7,1,7,11,390.2
burrawan.au,7,1,8,11,214.5
burrawan.au,7,1,9,11,55.6
burrawan.au,7,1,10,11,409.35
burrawan.au,7,2,11,9,170.15
burrawan.au,7,2,12,8,673.5
burrawan.au,7,2,13,13,46.2
burrawan.au,7,2,14,9,250.2
burrawan.au,7,2,15,11,170.95
burrawan.au,7,2,16,11,329.75
burrawan.au,7,2,17,11,238.9
burrawan.au,7,2,18,12,223.2
burrawan.au,7,2,19,13,200.85
burrawan.au,7,2,20,14,86.05
burrawan.au,7,3,21,13,263.45
burrawan.au,7,3,22,12,124.1
burrawan.au,7,3,23,12,452.85
burrawan.au,7,3,24,14,161.95
burrawan.au,7,3,25,16,71.65
burrawan.au,7,3,26,15,204.2
burrawan.au,7,3,27,15,2.5
burrawan.au,7,3,28,15,448.4
burrawan.au,7,3,29,16,84.95
burrawan.au,7,3,30,12,300.1
bttr.us,8,1,1,9,149.65
bttr.us,8,1,2,13,265.1
bttr.us,8,1,3,7,370.4
bttr.us,8,1,4,8,239.25
bttr.us,8,1,5,13,147.05
bttr.us,8,1,6,9,183.8
bttr.us,8,1,7,7,256.35
bttr.us,8,1,8,9,203.2
bttr.us,8,1,9,14,170.05
bttr.us,8,1,10,11,152.95
bttr.us,8,2,11,15,171.85
bttr.us,8,2,12,12,98.05
bttr.us,8,2,13,14,166.75
bttr.us,8,2,14,16,164.15
bttr.us,8,2,15,24,76.3
bttr.us,8,2,16,19,172.15
bttr.us,8,2,17,16,134.95
bttr.us,8,2,18,19,221
bttr.us,8,2,19,10,271.45
bttr.us,8,2,20,18,177
bttr.us,8,3,21,25,304.55
bttr.us,8,3,22,18,251.9
bttr.us,8,3,23,14,217.35
bttr.us,8,3,24,11,200.35
bttr.us,8,3,25,14,252.95
bttr.us,8,3,26,14,286.25
bttr.us,8,3,27,15,468.4
bttr.us,8,3,28,15,270.75
bttr.us,8,3,29,13,415.75
bttr.us,8,3,30,14,480.3
cdcr.us,9,1,1,13,117
cdcr.us,9,1,2,12,204.05
cdcr.us,9,1,3,10,164.75
cdcr.us,9,1,4,16,112.9
cdcr.us,9,1,5,14,204.25
cdcr.us,9,1,6,11,150.85
cdcr.us,9,1,7,12,60.15
cdcr.us,9,1,8,14,106.25
cdcr.us,9,1,9,8,245.8
cdcr.us,9,1,10,15,155.2
cdcr.us,9,1,11,11,226.95
cdcr.us,9,1,12,10,228.3
cdcr.us,9,2,13,15,133.95
cdcr.us,9,2,14,8,275.4
cdcr.us,9,2,15,4,411.45
cdcr.us,9,2,16,11,265.8
cdcr.us,9,2,17,6,328.8
cdcr.us,9,2,18,4,320.05
cdcr.us,9,2,19,8,540.15
cdcr.us,9,2,20,5,317.15
cdcr.us,9,2,21,8,257.35
cdcr.us,9,2,22,8,165.9
cdcr.us,9,2,23,5,288.05
cdcr.us,9,2,24,5,305.35
cdcr.us,9,3,25,13,103.35
cdcr.us,9,3,26,9,282.8
cdcr.us,9,3,27,5,229.1
cdcr.us,9,3,28,12,194.25
cdcr.us,9,3,29,8,345.8
cdcr.us,9,3,30,9,205.9
cdcr.us,9,3,31,11,147.65
cdcr.us,9,3,32,12,145.6
cdcr.us,9,3,33,11,160.9
cdcr.us,9,3,34,12,124.55
cdcr.us,9,3,35,8,110.4
cdcr.us,9,3,36,10,166
cdcr.us,9,4,37,8,162.65
cdcr.us,9,4,38,13,135.7
cdcr.us,9,4,39,9,140.6
cdcr.us,9,4,40,9,257.05
cdcr.us,9,4,41,11,82.75
cdcr.us,9,4,42,8,164.2
cdcr.us,9,4,43,12,160.3
cdcr.us,9,4,44,6,180.15
cdcr.us,9,4,45,4,196.4
cdcr.us,9,4,46,9,228.15
cdcr.us,9,4,47,9,138.2
cdcr.us,9,4,48,8,249.6
cdcr.us,9,5,49,13,141.45
cdcr.us,9,5,50,12,210.2
cdcr.us,9,5,51,14,269.6
cdcr.us,9,5,52,17,185.2
cdcr.us,9,5,53,8,181.05
cdcr.us,9,5,54,12,93.25
cdcr.us,9,5,55,12,109.4
cdcr.us,9,5,56,14,287.9
cdcr.us,9,5,57,14,141.15
cdcr.us,9,5,58,10,197.25
cdcr.us,9,5,59,13,119
cdcr.us,9,5,60,10,217.45
cdpt.us,10,1,1,10,49.64
cdpt.us,10,1,2,9,112.14
cdpt.us,10,1,3,14,170.1
cdpt.us,10,1,4,15,126.06
cdpt.us,10,1,5,11,58.15
cdpt.us,10,1,6,11,20.22
cdpt.us,10,1,7,12,64.01
cdpt.us,10,1,8,13,45.11
cdpt.us,10,1,9,12,179.99
cdpt.us,10,1,10,13,54.18
cdpt.us,10,2,11,11,59.72
cdpt.us,10,2,12,16,226.67
cdpt.us,10,2,13,16,352.55
cdpt.us,10,2,14,15,194.36
cdpt.us,10,2,15,16,90.53
cdpt.us,10,2,16,11,118.76
cdpt.us,10,2,17,14,137.28
cdpt.us,10,2,18,15,133.94
cdpt.us,10,2,19,17,243.94
cdpt.us,10,2,20,9,204.44
cdpt.us,10,3,21,10,88.52
cdpt.us,10,3,22,12,202.73
cdpt.us,10,3,24,13,194.29
cdpt.us,10,3,25,15,203.99
cdpt.us,10,3,26,12,47.44
cdpt.us,10,3,27,14,91.6
cdpt.us,10,3,28,11,147.23
cdpt.us,10,3,29,16,202.8
cdpt.us,10,3,30,13,78.81
cdpt.us,10,4,31,10,43.85
cdpt.us,10,4,32,9,73.96
cdpt.us,10,4,33,10,73.9
cdpt.us,10,4,34,9,69.62
cdpt.us,10,4,35,9,88.77
cdpt.us,10,4,36,10,31.31
cdpt.us,10,4,37,10,77.81
cdpt.us,10,4,38,12,57.96
cdpt.us,10,4,39,10,61.93
cdpt.us,10,4,40,10,158.13
cdpt.us,10,5,41,9,53.74
cdpt.us,10,5,42,11,46.05
cdpt.us,10,5,43,8,74.66
cdpt.us,10,5,44,9,62.75
cdpt.us,10,5,45,8,62.56
cdpt.us,10,5,46,6,67.66
cdpt.us,10,5,47,14,77.49
cdpt.us,10,5,48,10,135.45
cdpt.us,10,5,49,10,101.62
cdpt.us,10,5,50,9,75.92
cdpt.us,10,6,51,14,57.65
cdpt.us,10,6,52,15,143.07
cdpt.us,10,6,53,14,295.16
cdpt.us,10,6,54,13,89.9
cdpt.us,10,6,55,18,71.76
cdpt.us,10,6,56,15,201.35
cdpt.us,10,6,57,11,102.25
cdpt.us,10,6,58,15,200.15
cdpt.us,10,6,59,18,126.63
cdpt.us,10,6,60,13,173.38
cbgb.us,11,1,1,9,123.05
cbgb.us,11,1,2,13,60.15
cbgb.us,11,1,3,12,175.7
cbgb.us,11,1,4,11,271.95
cbgb.us,11,1,5,10,406.4
cbgb.us,11,1,6,10,283.85
cbgb.us,11,1,7,15,308.1
cbgb.us,11,1,8,8,139.9
cbgb.us,11,1,9,12,74.8
cbgb.us,11,1,10,13,109.85
cbgb.us,11,1,11,15,240.65
cbgb.us,11,1,12,13,170.35
cbgb.us,11,2,13,9,258.75
cbgb.us,11,2,14,11,117.35
cbgb.us,11,2,15,6,84.75
cbgb.us,11,2,16,10,131.95
cbgb.us,11,2,17,4,104.7
cbgb.us,11,2,18,7,408.75
cbgb.us,11,2,19,8,203.05
cbgb.us,11,2,20,7,164.05
cbgb.us,11,2,21,3,248.9
cbgb.us,11,2,22,8,373.25
cbgb.us,11,2,23,10,307.3
cbgb.us,11,2,24,8,67.5
cbgb.us,11,3,25,7,170.35
cbgb.us,11,3,26,5,89.2
cbgb.us,11,3,27,5,192.1
cbgb.us,11,3,28,7,218.25
cbgb.us,11,3,29,6,291.75
cbgb.us,11,3,30,7,406.9
cbgb.us,11,3,31,5,292.1
cbgb.us,11,3,32,6,96.05
cbgb.us,11,3,33,6,231.7
cbgb.us,11,3,34,9,192.3
cbgb.us,11,3,35,6,177.05
cbgb.us,11,3,36,6,345.9
cbgb.us,11,4,37,10,484.9
cbgb.us,11,4,38,10,529.15
cbgb.us,11,4,39,7,761.9
cbgb.us,11,4,40,10,221.05
cbgb.us,11,4,41,6,618.5
cbgb.us,11,4,42,9,377.35
cbgb.us,11,4,43,9,270.75
cbgb.us,11,4,44,9,303.7
cbgb.us,11,4,45,10,145.05
cbgb.us,11,4,46,14,216.15
cbgb.us,11,5,47,10,262
cbgb.us,11,5,48,6,51.8
cbgb.us,11,5,49,6,114.7
cbgb.us,11,5,50,6,154.8
cbgb.us,11,5,51,8,144.25
cbgb.us,11,5,52,7,380.75
cbgb.us,11,5,53,8,173.9
cbgb.us,11,5,54,6,222.55
cbgb.us,11,5,55,9,100.1
cbgb.us,11,5,56,10,241.3
cbgb.us,11,6,57,9,403.1
cbgb.us,11,6,58,4,219.75
cbgb.us,11,6,59,3,130.7
cbgb.us,11,6,60,4,576.65
cbgb.us,11,6,61,6,211.35
cbgb.us,11,6,62,5,211.05
cbgb.us,11,6,63,5,338
cbgb.us,11,6,64,4,247.8
cbgb.us,11,6,65,5,299.65
cbgb.us,11,6,66,5,322.25
cowi.ca,12,1,1,6,342.9
cowi.ca,12,1,2,9,360.6
cowi.ca,12,1,3,8,250.6
cowi.ca,12,1,4,5,323.3
cowi.ca,12,1,5,5,278.9
cowi.ca,12,1,6,6,284.8
cowi.ca,12,1,7,4,540.5
cowi.ca,12,1,8,7,402.6
cowi.ca,12,1,9,4,349.9
cowi.ca,12,1,12,2,422.4
cowi.ca,12,2,10,5,310.9
cowi.ca,12,2,11,3,327.5
cowi.ca,12,2,13,4,274.8
cowi.ca,12,2,14,4,210.3
cowi.ca,12,2,15,6,615.7
cowi.ca,12,2,16,5,462.3
cowi.ca,12,2,17,4,473.9
cowi.ca,12,2,18,5,489.2
cowi.ca,12,2,19,4,650.3
cowi.ca,12,2,20,2,601.6
cowi.ca,12,3,21,5,546
cowi.ca,12,3,22,3,550.8
cowi.ca,12,3,23,3,611.9
cowi.ca,12,3,24,3,658.3
cowi.ca,12,3,25,2,472.6
cowi.ca,12,3,26,4,644.2
cowi.ca,12,3,27,5,689.8
cowi.ca,12,3,28,3,801.6
cowi.ca,12,3,29,4,606.6
cowi.ca,12,3,30,3,528.6
derr.au,12,1,1,6,127.5
derr.au,12,1,2,5,100
derr.au,13,1,3,6,127.5
derr.au,13,1,4,6,110
derr.au,13,1,5,7,152.5
derr.au,13,1,6,8,277.5
derr.au,13,1,7,10,132.5
derr.au,13,1,8,5,130
derr.au,13,1,9,7,142.5
derr.au,13,1,10,5,107.5
derr.au,13,2,11,6,82.5
derr.au,13,2,12,7,107.5
derr.au,13,2,13,8,120
derr.au,13,2,14,5,65
derr.au,13,2,15,8,117.5
derr.au,13,2,16,5,97.5
derr.au,13,2,17,6,102.5
derr.au,13,2,18,5,127.5
derr.au,13,2,19,7,70
derr.au,13,2,20,6,117.5
derr.au,13,3,21,7,160
derr.au,13,3,22,7,95
derr.au,13,3,23,5,87.5
derr.au,13,3,24,7,157.5
derr.au,13,3,25,8,127.5
derr.au,13,3,26,6,107.5
derr.au,13,3,27,5,112.5
derr.au,13,3,28,8,150
derr.au,13,3,29,7,150
derr.au,13,3,30,7,132.5
unc.us,14,1,1,9,94.45
unc.us,14,1,2,13,146.75
unc.us,14,1,3,12,330.25
unc.us,14,1,4,11,112.56
unc.us,14,1,5,9,137.5
unc.us,14,1,6,12,282.68
unc.us,14,1,7,9,305.1
unc.us,14,1,9,13,283.7
unc.us,14,1,10,12,417.12
unc.us,14,1,28,3,397.5
unc.us,14,2,11,10,118.6
unc.us,14,2,12,10,325.19
unc.us,14,2,13,7,462
unc.us,14,2,14,10,403.94
unc.us,14,2,15,8,121.9
unc.us,14,2,16,12,143.63
unc.us,14,2,17,11,583.4
unc.us,14,2,18,13,361
unc.us,14,2,19,10,530.5
unc.us,14,2,20,12,249.71
unc.us,14,3,8,9,268.9
unc.us,14,3,21,9,582.6
unc.us,14,3,22,12,195.55
unc.us,14,3,23,12,127.18
unc.us,14,3,24,5,380.33
unc.us,14,3,25,9,631.95
unc.us,14,3,26,10,237.1
unc.us,14,3,27,11,115.28
unc.us,14,3,29,9,236.55
unc.us,14,3,30,13,542.6
fnly.us,15,1,4,28,251.7
fnly.us,15,1,5,21,387.2
fnly.us,15,1,9,19,311.8
fnly.us,15,1,10,14,281.2
fnly.us,15,2,11,24,236.15
fnly.us,15,2,14,17,297.65
fnly.us,15,2,15,20,349.85
fnly.us,15,2,16,21,185.75
fnly.us,15,2,17,16,268.65
fnly.us,15,2,18,21,247.5
fnly.us,15,2,19,19,241.35
fnly.us,15,2,20,26,307.15
fnly.us,15,3,23,20,261.5
fnly.us,15,3,24,17,251.9
fnly.us,15,3,25,21,208.5
fnly.us,15,3,29,30,315.25
fnly.us,15,3,30,25,214.05
fnly.us,15,3,31,26,184.6
fnly.us,15,3,32,25,90.85
frue.ch,16,1,1,13,575.25
frue.ch,16,1,2,13,476.85
frue.ch,16,1,3,12,939.65
frue.ch,16,1,4,13,687.6
frue.ch,16,1,5,15,644.45
frue.ch,16,1,6,15,759.35
frue.ch,16,1,7,17,751.8
frue.ch,16,1,8,14,419.95
frue.ch,16,1,9,12,774.3
frue.ch,16,1,10,15,454
frue.ch,16,2,11,14,450.45
frue.ch,16,2,12,16,585.55
frue.ch,16,2,13,14,615.1
frue.ch,16,2,14,14,402.5
frue.ch,16,2,15,15,356.1
frue.ch,16,2,16,15,548.95
frue.ch,16,2,17,16,624.65
frue.ch,16,2,18,17,820.4
frue.ch,16,2,19,15,470.5
frue.ch,16,2,20,14,910.3
frue.ch,16,3,21,12,670.4
frue.ch,16,3,22,15,502.35
frue.ch,16,3,23,15,861.5
frue.ch,16,3,24,14,469.35
frue.ch,16,3,25,15,575.5
frue.ch,16,3,26,15,534.8
frue.ch,16,3,27,13,736.25
frue.ch,16,3,28,12,475
frue.ch,16,3,29,14,721.6
frue.ch,16,3,30,11,691.3
glac.us,17,1,1,3,264.78
glac.us,17,1,2,6,197.66
glac.us,17,1,3,8,151.91
glac.us,17,1,4,7,177.78
glac.us,17,1,5,7,171.79
glac.us,17,1,6,6,187.88
glac.us,17,1,7,6,171.81
glac.us,17,1,8,8,173.68
glac.us,17,1,9,6,121.87
glac.us,17,1,10,6,194.61
glac.us,17,2,11,8,161.61
glac.us,17,2,12,10,183.45
glac.us,17,2,13,5,159.75
glac.us,17,2,14,6,210.11
glac.us,17,2,15,7,152
glac.us,17,2,16,10,109.07
glac.us,17,2,17,5,156.22
glac.us,17,2,18,7,204.57
glac.us,17,2,19,9,108.4
glac.us,17,2,20,9,257.54
glac.us,17,3,21,5,87.13
glac.us,17,3,22,5,128.18
glac.us,17,3,23,6,172.42
glac.us,17,3,24,1,96.21
glac.us,17,3,25,9,112.11
glac.us,17,3,26,7,134.7
glac.us,17,3,27,9,296.25
glac.us,17,3,28,7,107.56
glac.us,17,3,29,6,161.1
glac.us,17,3,30,7,127.93
hall.us,18,1,1,11,564
hall.us,18,1,2,12,194
hall.us,18,1,3,8,190
hall.us,18,1,4,7,560
hall.us,18,1,5,8,204
hall.us,18,1,6,8,279
hall.us,18,1,7,8,160
hall.us,18,1,8,8,282
hall.us,18,1,9,6,295
hall.us,18,1,10,8,610
hall.us,18,2,11,7,184
hall.us,18,2,12,6,245
hall.us,18,2,13,4,757
hall.us,18,2,14,8,580
hall.us,18,2,15,7,502
hall.us,18,2,16,8,504
hall.us,18,2,17,7,441
hall.us,18,2,18,9,301
hall.us,18,2,19,8,1333
hall.us,18,2,20,9,177
hall.us,18,3,21,10,318
hall.us,18,3,22,8,212
hall.us,18,3,23,3,295
hall.us,18,3,24,9,946
hall.us,18,3,25,9,251
hall.us,18,3,26,5,400
hall.us,18,3,27,9,269
hall.us,18,3,28,8,521
hall.us,18,3,29,8,1377
hall.us,18,3,30,9,282
hnvr.us,19,1,1,8,270.35
hnvr.us,19,1,2,12,396.45
hnvr.us,19,1,3,14,452.25
hnvr.us,19,1,4,6,480.65
hnvr.us,19,1,5,9,407.75
hnvr.us,19,1,6,9,459.95
hnvr.us,19,1,7,7,497.45
hnvr.us,19,1,8,9,431.9
hnvr.us,19,1,9,10,428
hnvr.us,19,1,10,16,384.7
hnvr.us,19,2,11,12,759.55
hnvr.us,19,2,12,15,401.8
hnvr.us,19,2,13,12,591.15
hnvr.us,19,2,14,13,312.4
hnvr.us,19,2,15,12,667.6
hnvr.us,19,2,16,8,642.7
hnvr.us,19,2,17,11,642.75
hnvr.us,19,2,18,11,475.25
hnvr.us,19,2,19,12,261.35
hnvr.us,19,2,20,13,398.45
hnvr.us,19,3,21,7,484.8
hnvr.us,19,3,22,11,448
hnvr.us,19,3,23,10,447.9
hnvr.us,19,3,24,7,412.55
hnvr.us,19,3,25,12,314.25
hnvr.us,19,3,26,10,394.6
hnvr.us,19,3,27,9,440.4
hnvr.us,19,3,28,9,403.8
hnvr.us,19,3,29,8,355.55
hnvr.us,19,3,30,10,203.1
hart.us,20,1,1,9,28.45
hart.us,20,1,2,10,164.9
hart.us,20,1,3,9,216.65
hart.us,20,1,4,11,114.6
hart.us,20,1,5,14,38.55
hart.us,20,1,6,9,261.25
hart.us,20,1,7,13,1003.95
hart.us,20,1,8,10,40.7
hart.us,20,1,9,9,66.75
hart.us,20,1,10,8,333.85
hart.us,20,2,11,11,110.65
hart.us,20,2,12,7,137.75
hart.us,20,2,13,10,157.6
hart.us,20,2,14,9,33.4
hart.us,20,2,15,8,108.95
hart.us,20,2,16,12,214.9
hart.us,20,2,17,12,120.85
hart.us,20,2,18,16,141.8
hart.us,20,2,19,11,90.55
hart.us,20,2,20,7,219.35
hart.us,20,3,21,17,186.2
hart.us,20,3,22,14,207.05
hart.us,20,3,23,16,158.35
hart.us,20,3,24,12,322.55
hart.us,20,3,25,13,245.55
hart.us,20,3,26,12,179.3
hart.us,20,3,27,9,119.4
hart.us,20,3,28,12,33.95
hart.us,20,3,29,15,130.9
hart.us,20,3,30,18,82.7
hast.us,21,1,1,7,106.05
hast.us,21,1,2,7,125.35
hast.us,21,1,3,4,428
hast.us,21,1,4,5,265.45
hast.us,21,1,5,4,511.85
hast.us,21,1,6,6,102.25
hast.us,21,1,7,6,108.35
hast.us,21,1,8,8,175.55
hast.us,21,1,9,5,300.55
hast.us,21,1,10,7,191.95
hast.us,21,2,11,7,166.75
hast.us,21,2,12,3,331.45
hast.us,21,2,13,4,207.1
hast.us,21,2,14,6,92.15
hast.us,21,2,15,8,241.4
hast.us,21,2,16,4,145.95
hast.us,21,2,17,6,195.1
hast.us,21,2,18,6,162.9
hast.us,21,2,19,9,211.5
hast.us,21,2,20,7,100.15
hast.us,21,3,21,12,65.45
hast.us,21,3,22,13,98.65
hast.us,21,3,23,7,87.4
hast.us,21,3,24,10,90
hast.us,21,3,25,10,153.5
hast.us,21,3,26,9,41.15
hast.us,21,3,27,13,35.15
hast.us,21,3,28,12,57.1
hast.us,21,3,29,12,42.75
hast.us,21,3,30,13,56.8
hopl.us,22,1,1,15,156.65
hopl.us,22,1,2,22,87.6
hopl.us,22,1,3,20,124
hopl.us,22,1,4,19,80.2
hopl.us,22,1,5,16,152.75
hopl.us,22,1,7,14,147.65
hopl.us,22,1,8,20,139.65
hopl.us,22,1,9,28,125.65
hopl.us,22,1,10,16,80.3
hopl.us,22,2,11,17,84.2
hopl.us,22,2,12,16,178.7
hopl.us,22,2,13,18,204.9
hopl.us,22,2,14,21,144.3
hopl.us,22,2,15,26,123.6
hopl.us,22,2,17,22,118.1
hopl.us,22,2,18,26,169.2
hopl.us,22,2,19,16,147.2
hopl.us,22,2,20,25,120.55
hopl.us,22,3,21,18,165.25
hopl.us,22,3,22,18,271.95
hopl.us,22,3,23,18,105.5
hopl.us,22,3,24,13,209.25
hopl.us,22,3,25,15,208.4
hopl.us,22,3,27,22,129.15
hopl.us,22,3,28,17,228.9
hopl.us,22,3,29,17,130.55
hopl.us,22,3,30,22,224.05
jasp.us,23,1,1,13,315
jasp.us,23,1,2,14,184.2
jasp.us,23,1,3,13,265
jasp.us,23,1,4,11,247.4
jasp.us,23,1,5,13,376.9
jasp.us,23,1,6,16,375.3
jasp.us,23,1,7,12,242.6
jasp.us,23,1,8,12,329
jasp.us,23,1,9,14,291.3
jasp.us,23,1,10,9,279.1
jasp.us,23,2,11,10,220.2
jasp.us,23,2,12,13,209.9
jasp.us,23,2,13,18,339.8
jasp.us,23,2,14,18,274.1
jasp.us,23,2,15,11,426.6
jasp.us,23,2,16,16,269.2
jasp.us,23,2,17,16,237.1
jasp.us,23,2,18,15,376.7
jasp.us,23,2,19,12,445
jasp.us,23,2,20,12,270.9
jasp.us,23,3,21,13,350.6
jasp.us,23,3,22,14,239.4
jasp.us,23,3,23,14,365.8
jasp.us,23,3,24,19,318.5
jasp.us,23,3,25,15,397.8
jasp.us,23,3,26,15,331.3
jasp.us,23,3,28,19,306.3
jasp.us,23,3,29,19,262.3
jasp.us,23,3,30,18,267.3
konz.us,24,1,1,13,344.45
konz.us,24,1,2,16,290.75
konz.us,24,1,3,17,533.4
konz.us,24,1,4,16,280.45
konz.us,24,1,5,20,364.95
konz.us,24,1,6,12,269.9
konz.us,24,1,7,16,407.85
konz.us,24,1,8,20,365.55
konz.us,24,1,9,18,281.1
konz.us,24,1,10,18,340.1
konz.us,24,2,11,16,321.35
konz.us,24,2,12,15,343.85
konz.us,24,2,13,18,367.6
konz.us,24,2,14,16,359.95
konz.us,24,2,15,13,351
konz.us,24,2,16,15,296.55
konz.us,24,2,17,15,338.7
konz.us,24,2,18,15,117.15
konz.us,24,2,19,17,484.55
konz.us,24,2,20,16,223.75
konz.us,24,3,21,12,327.9
konz.us,24,3,22,15,282.7
konz.us,24,3,23,18,313.65
konz.us,24,3,24,8,392.4
konz.us,24,3,25,18,369.15
konz.us,24,3,26,17,397.8
konz.us,24,3,27,19,337.4
konz.us,24,3,28,16,411.3
konz.us,24,3,29,19,147.5
konz.us,24,3,30,17,284.45
konzn1b.us,25,1,1,26,290.75
konzn1b.us,25,1,2,38,198.8
konzn1b.us,25,1,3,29,269.9
konzn1b.us,25,1,4,27,365.55
konzn1b.us,25,2,5,30,296.55
konzn1b.us,25,2,6,28,NA
konzn1b.us,25,2,7,32,223.75
konzn1b.us,25,2,8,28,282.7
konzn1b.us,25,3,9,28,NA
konzn1b.us,25,3,10,35,238.75
konzn1b.us,25,3,11,29,203.05
konzn1b.us,25,3,12,30,290.05
ukul.za,26,1,1,32,413.25
ukul.za,26,1,2,18,438.2
ukul.za,26,1,3,20,334.35
ukul.za,26,1,4,22,532.7
ukul.za,26,1,5,24,441.75
ukul.za,26,1,6,26,461.95
ukul.za,26,1,7,20,588.15
ukul.za,26,1,8,15,370.3
ukul.za,26,1,9,20,273.15
ukul.za,26,1,10,20,1268.4
ukul.za,26,2,11,19,501.8
ukul.za,26,2,12,26,547.65
ukul.za,26,2,13,21,658.6
ukul.za,26,2,14,20,863.35
ukul.za,26,2,15,25,449.9
ukul.za,26,2,16,24,449.55
ukul.za,26,2,17,21,487.65
ukul.za,26,2,18,25,522.5
ukul.za,26,2,19,20,515.3
ukul.za,26,2,20,19,351.6
ukul.za,26,3,21,21,393.4
ukul.za,26,3,22,23,375.35
ukul.za,26,3,23,23,419.25
ukul.za,26,3,24,19,366.3
ukul.za,26,3,25,21,264.45
ukul.za,26,3,26,26,428.8
ukul.za,26,3,27,24,497.4
ukul.za,26,3,28,19,305.8
ukul.za,26,3,29,25,301.75
ukul.za,26,3,30,24,246.75
lancaster.uk,27,1,1,7,117.61
lancaster.uk,27,1,2,7,215.89
lancaster.uk,27,1,3,8,156.6
lancaster.uk,27,1,4,7,168.76
lancaster.uk,27,1,5,7,181.87
lancaster.uk,27,1,6,7,199.15
lancaster.uk,27,1,7,7,237.53
lancaster.uk,27,1,8,8,224.73
lancaster.uk,27,1,9,6,221.31
lancaster.uk,27,1,10,6,219.37
lancaster.uk,27,2,11,6,86.49
lancaster.uk,27,2,12,6,150.31
lancaster.uk,27,2,13,8,124.17
lancaster.uk,27,2,14,8,119.78
lancaster.uk,27,2,15,6,166.64
lancaster.uk,27,2,16,7,120.74
lancaster.uk,27,2,17,6,134.28
lancaster.uk,27,2,18,8,136.87
lancaster.uk,27,3,19,11,133.37
lancaster.uk,27,3,20,7,124.74
lancaster.uk,27,3,21,5,115.23
lancaster.uk,27,3,22,8,119.57
lancaster.uk,27,3,23,8,122.66
lancaster.uk,27,3,24,6,158.71
lancaster.uk,27,3,25,6,200.62
lancaster.uk,27,3,26,7,111.41
lead.us,28,1,1,4,568.5
lead.us,28,1,2,6,732
lead.us,28,1,3,6,803
lead.us,28,1,4,6,469
lead.us,28,1,5,3,392.5
lead.us,28,1,6,6,634
lead.us,28,1,7,5,479.5
lead.us,28,1,8,4,402.5
lead.us,28,1,9,4,344.5
lead.us,28,1,10,5,549
lead.us,28,2,11,3,346.5
lead.us,28,2,12,4,408
lead.us,28,2,13,6,440.5
lead.us,28,2,14,5,575
lead.us,28,2,15,4,600
lead.us,28,2,16,4,375.5
lead.us,28,2,17,5,479
lead.us,28,2,18,6,475
lead.us,28,2,19,6,386
lead.us,28,2,20,5,521
lead.us,28,3,21,4,418.25
lead.us,28,3,22,4,421.5
lead.us,28,3,23,5,399.5
lead.us,28,3,24,5,393.5
lead.us,28,3,25,3,357.5
lead.us,28,3,26,4,308.5
lead.us,28,3,27,2,425
lead.us,28,3,28,3,552.5
lead.us,28,3,29,2,489
lead.us,28,3,30,2,275.5
look.us,29,1,1,7,100.25
look.us,29,1,2,7,137.2
look.us,29,1,3,5,97.85
look.us,29,1,4,7,53.85
look.us,29,1,5,6,34.85
look.us,29,1,6,5,29.4
look.us,29,1,7,8,126.55
look.us,29,1,8,9,52.15
look.us,29,1,9,6,80.9
look.us,29,1,10,8,105.9
look.us,29,2,11,9,80.05
look.us,29,2,12,7,94.75
look.us,29,2,13,7,99.9
look.us,29,2,14,10,7
look.us,29,2,15,9,47.7
look.us,29,2,16,5,214.1
look.us,29,2,17,6,102.35
look.us,29,2,18,10,37.9
look.us,29,2,19,8,152.4
look.us,29,2,20,9,61.3
look.us,29,3,21,9,424.35
look.us,29,3,22,11,100.4
look.us,29,3,23,12,102.65
look.us,29,3,24,6,80.35
look.us,29,3,25,7,41.15
look.us,29,3,26,11,57.55
look.us,29,3,27,6,114.7
look.us,29,3,28,9,138.1
look.us,29,3,29,6,90.7
look.us,29,3,30,7,77.5
mcla.us,30,1,1,2,269.75
mcla.us,30,1,2,1,327.65
mcla.us,30,1,3,3,436.5
mcla.us,30,1,4,5,393
mcla.us,30,1,5,6,244.55
mcla.us,30,1,6,3,487.1
mcla.us,30,1,7,1,414.15
mcla.us,30,1,8,2,371.6
mcla.us,30,1,9,3,378.4
mcla.us,30,1,10,4,123.95
mcla.us,30,2,11,3,444.05
mcla.us,30,2,12,3,317
mcla.us,30,2,13,4,322.15
mcla.us,30,2,14,4,641.65
mcla.us,30,2,15,6,322.45
mcla.us,30,2,16,2,371.2
mcla.us,30,2,17,3,268.95
mcla.us,30,2,18,2,198.9
mcla.us,30,2,19,2,209.95
mcla.us,30,2,20,3,175.25
mcla.us,30,3,21,3,328
mcla.us,30,3,22,2,339.45
mcla.us,30,3,23,1,275.25
mcla.us,30,3,24,4,294.2
mcla.us,30,3,25,5,247.15
mcla.us,30,3,26,4,332.3
mcla.us,30,3,27,3,269.05
mcla.us,30,3,28,4,361.35
mcla.us,30,3,29,3,292.8
mcla.us,30,3,30,7,95.6
gilb.za,31,1,1,21,293.5
gilb.za,31,1,2,24,362
gilb.za,31,1,3,26,312
gilb.za,31,1,4,23,147.4
gilb.za,31,1,5,29,272.5
gilb.za,31,1,6,31,230.5
gilb.za,31,1,7,25,244
gilb.za,31,1,8,28,204.5
gilb.za,31,1,9,30,242.5
gilb.za,31,1,10,29,338
gilb.za,31,2,11,27,296
gilb.za,31,2,12,31,275
gilb.za,31,2,13,30,301
gilb.za,31,2,14,25,228
gilb.za,31,2,15,23,246
gilb.za,31,2,16,24,257.5
gilb.za,31,2,17,30,362.5
gilb.za,31,2,18,31,328
gilb.za,31,2,19,25,310
gilb.za,31,2,20,23,262
gilb.za,31,3,21,24,300.5
gilb.za,31,3,22,31,358
gilb.za,31,3,23,27,216.5
gilb.za,31,3,24,29,438
gilb.za,31,3,25,26,285
gilb.za,31,3,26,30,200
gilb.za,31,3,27,29,207.5
gilb.za,31,3,28,31,208.5
gilb.za,31,3,29,34,290
gilb.za,31,3,30,28,399
mtca.au,32,1,1,17,88
mtca.au,32,1,2,17,115.5
mtca.au,32,1,3,16,91.1
mtca.au,32,1,4,15,68.2
mtca.au,32,1,5,21,72.4
mtca.au,32,1,6,16,210.35
mtca.au,32,1,7,14,93.9
mtca.au,32,1,8,14,129.25
mtca.au,32,1,9,14,117.15
mtca.au,32,1,10,13,94
mtca.au,32,2,11,15,85.85
mtca.au,32,2,12,15,128.3
mtca.au,32,2,13,14,122.5
mtca.au,32,2,14,14,81.65
mtca.au,32,2,15,13,125
mtca.au,32,2,16,15,145.9
mtca.au,32,2,17,11,93.6
mtca.au,32,2,18,15,71.65
mtca.au,32,2,19,12,111.8
mtca.au,32,2,20,14,111.35
mtca.au,32,3,21,10,111.1
mtca.au,32,3,22,14,97.95
mtca.au,32,3,23,16,80.15
mtca.au,32,3,24,16,56.7
mtca.au,32,3,25,16,77.9
mtca.au,32,3,26,14,153.4
mtca.au,32,3,27,18,118.05
mtca.au,32,3,28,18,94.8
mtca.au,32,3,29,15,136.75
mtca.au,32,3,30,15,48.5
mtca.au,32,4,31,14,117.8
mtca.au,32,4,32,11,82.1
mtca.au,32,4,33,11,101.75
mtca.au,32,4,34,15,58.5
mtca.au,32,4,35,14,85.55
mtca.au,32,4,36,13,90.5
mtca.au,32,4,37,16,125.8
mtca.au,32,4,38,12,132.25
mtca.au,32,4,39,12,101.85
mtca.au,32,4,40,12,137.1
niwo.us,33,1,1,20,NA
niwo.us,33,1,2,15,NA
niwo.us,33,1,3,16,NA
niwo.us,33,1,4,27,NA
niwo.us,33,1,5,24,NA
niwo.us,33,1,6,22,79.2
niwo.us,33,1,7,27,127.5
niwo.us,33,1,8,17,101.6
niwo.us,33,1,10,22,112.9
niwo.us,33,2,11,22,NA
niwo.us,33,2,12,14,NA
niwo.us,33,2,13,16,NA
niwo.us,33,2,14,14,NA
niwo.us,33,2,15,15,NA
niwo.us,33,2,16,16,144.2
niwo.us,33,2,17,16,107
niwo.us,33,2,18,19,146.8
niwo.us,33,2,19,11,114.6
niwo.us,33,2,20,17,83.2
niwo.us,33,3,21,13,67.4
niwo.us,33,3,22,10,NA
niwo.us,33,3,23,11,66
niwo.us,33,3,24,12,NA
niwo.us,33,3,25,16,114
niwo.us,33,3,26,14,NA
niwo.us,33,3,27,16,119.1
niwo.us,33,3,28,16,NA
niwo.us,33,3,29,19,183.3
niwo.us,33,3,30,16,NA
niwo.us,33,4,31,19,93.2
niwo.us,33,4,32,16,NA
niwo.us,33,4,33,20,NA
niwo.us,33,4,34,22,184.4
niwo.us,33,4,35,17,119.5
niwo.us,33,4,36,19,NA
niwo.us,33,4,37,16,69.4
niwo.us,33,4,38,18,NA
niwo.us,33,4,39,23,107
niwo.us,33,4,40,18,NA
pape.de,34,1,1,5,762.4
pape.de,34,1,2,3,1460.1
pape.de,34,1,3,4,1013.6
pape.de,34,1,4,3,610
pape.de,34,1,5,3,1534.3
pape.de,34,1,6,3,784.1
pape.de,34,1,7,5,694
pape.de,34,1,8,5,1060
pape.de,34,1,9,3,796.3
pape.de,34,1,10,3,462.8
sage.us,35,1,1,14,140.45
sage.us,35,1,2,9,122.45
sage.us,35,1,3,7,48.3
sage.us,35,1,4,5,168
sage.us,35,1,5,7,119.9
sage.us,35,1,6,11,99.05
sage.us,35,1,7,10,133.3
sage.us,35,1,8,9,110.4
sage.us,35,1,9,7,142.55
sage.us,35,1,10,11,67.3
sage.us,35,2,11,11,45
sage.us,35,2,12,10,35.55
sage.us,35,2,13,12,90.75
sage.us,35,2,14,12,52.8
sage.us,35,2,15,12,132.8
sage.us,35,2,16,11,43.8
sage.us,35,2,17,9,106.45
sage.us,35,2,18,9,78.3
sage.us,35,2,19,8,30.45
sage.us,35,2,20,9,194.2
sage.us,35,3,21,12,190.6
sage.us,35,3,22,13,154.6
sage.us,35,3,23,12,184.25
sage.us,35,3,24,14,205.9
sage.us,35,3,25,14,101.4
sage.us,35,3,26,15,174.4
sage.us,35,3,27,14,206.2
sage.us,35,3,28,14,171.5
sage.us,35,3,29,16,156.7
sage.us,35,3,30,10,126.3
sava.us,36,1,1,13,76.65
sava.us,36,1,2,8,37.9
sava.us,36,1,3,18,71.75
sava.us,36,1,4,16,74.3
sava.us,36,1,5,13,51.2
sava.us,36,1,6,14,72.55
sava.us,36,1,7,13,95.1
sava.us,36,1,8,22,49.8
sava.us,36,1,9,14,108.15
sava.us,36,1,10,9,45.95
sava.us,36,2,11,17,37.7
sava.us,36,2,12,11,63.5
sava.us,36,2,13,12,19.2
sava.us,36,2,14,12,34.9
sava.us,36,2,15,10,36.95
sava.us,36,2,16,17,58.9
sava.us,36,2,17,20,23.75
sava.us,36,2,18,11,65
sava.us,36,2,19,10,47.4
sava.us,36,2,20,10,92.15
sedg.us,37,1,1,6,148.55
sedg.us,37,1,2,9,157
sedg.us,37,1,3,8,162.05
sedg.us,37,1,4,6,300.8
sedg.us,37,1,5,7,130.35
sedg.us,37,1,6,7,125.65
sedg.us,37,1,7,6,129.45
sedg.us,37,1,8,6,234.3
sedg.us,37,1,9,10,110.9
sedg.us,37,1,10,4,316.45
sedg.us,37,2,11,5,216.4
sedg.us,37,2,12,7,147.75
sedg.us,37,2,13,6,105.45
sedg.us,37,2,14,4,185.6
sedg.us,37,2,15,5,168.55
sedg.us,37,2,16,5,195.45
sedg.us,37,2,17,8,163
sedg.us,37,2,18,5,183.3
sedg.us,37,2,19,7,260.55
sedg.us,37,2,20,2,252.15
sedg.us,37,3,21,7,241.8
sedg.us,37,3,22,5,263.25
sedg.us,37,3,23,5,366.65
sedg.us,37,3,24,5,193.5
sedg.us,37,3,25,6,239.35
sedg.us,37,3,26,8,154.55
sedg.us,37,3,27,7,260.65
sedg.us,37,3,28,10,204.6
sedg.us,37,3,29,7,168.85
sedg.us,37,3,30,4,133.55
sereng.tz,38,1,1,16,223
sereng.tz,38,1,2,13,195.5
sereng.tz,38,1,3,13,225.5
sereng.tz,38,1,4,12,282
sereng.tz,38,1,5,13,262.5
sereng.tz,38,1,6,12,208
sereng.tz,38,1,7,16,289.5
sereng.tz,38,1,8,15,298
sereng.tz,38,1,9,12,302
sereng.tz,38,1,10,13,277.5
sereng.tz,38,2,11,11,216
sereng.tz,38,2,12,12,136.5
sereng.tz,38,2,13,14,267
sereng.tz,38,2,14,15,228
sereng.tz,38,2,15,15,356
sereng.tz,38,2,16,10,233
sereng.tz,38,2,17,14,404.5
sereng.tz,38,2,18,9,279
sereng.tz,38,2,19,13,409
sereng.tz,38,2,20,12,289.5
sereng.tz,38,3,21,15,227
sereng.tz,38,3,22,8,468.5
sereng.tz,38,3,23,11,679.5
sereng.tz,38,3,24,15,185.5
sereng.tz,38,3,25,12,604
sereng.tz,38,3,26,12,320.5
sereng.tz,38,3,27,14,374.5
sereng.tz,38,3,28,10,406
sereng.tz,38,3,29,11,277
sereng.tz,38,3,30,11,317
sevi.us,39,1,1,3,125.52
sevi.us,39,1,2,10,88.93
sevi.us,39,1,3,7,87.98
sevi.us,39,1,4,10,73.63
sevi.us,39,1,5,7,101.32
sevi.us,39,1,6,5,97.28
sevi.us,39,1,7,9,123.77
sevi.us,39,1,8,11,95.77
sevi.us,39,1,9,9,103.86
sevi.us,39,1,10,5,73.48
sevi.us,39,1,11,6,86.27
sevi.us,39,1,12,7,113.86
sevi.us,39,1,13,8,101.17
sevi.us,39,1,14,8,99.18
sevi.us,39,1,15,10,88.28
sevi.us,39,1,16,8,68.79
sevi.us,39,1,17,10,117.12
sevi.us,39,1,18,13,71.31
sevi.us,39,1,19,6,124.39
sevi.us,39,1,21,10,78.84
sevi.us,39,1,22,7,88.19
sevi.us,39,1,23,9,41.83
sevi.us,39,1,24,7,56.31
sevi.us,39,1,25,6,143.06
sevi.us,39,1,26,8,85.81
sevi.us,39,1,27,5,74.83
sevi.us,39,1,28,8,57.94
sevi.us,39,1,29,13,85.45
sevi.us,39,1,30,7,76.65
sevi.us,39,1,31,11,53.3
sevi.us,39,1,32,9,64.74
sevi.us,39,1,33,8,91.89
sevi.us,39,1,34,11,159.44
sevi.us,39,1,35,11,72.78
sevi.us,39,1,36,12,56.85
sevi.us,39,1,37,10,20.65
sevi.us,39,1,38,9,166.46
sevi.us,39,1,39,9,88.45
sevi.us,39,1,40,7,79.56
shps.us,40,1,1,18,75.1
shps.us,40,1,2,15,68.4
shps.us,40,1,3,18,64.5
shps.us,40,1,4,20,173
shps.us,40,1,5,20,54.7
shps.us,40,1,6,16,69.9
shps.us,40,1,7,18,184.8
shps.us,40,1,8,14,180.6
shps.us,40,1,9,17,126.5
shps.us,40,1,10,15,106.3
shps.us,40,1,11,17,82.8
shps.us,40,1,12,17,46.7
shps.us,40,2,13,13,70.5
shps.us,40,2,14,16,74.9
shps.us,40,2,15,11,107.9
shps.us,40,2,16,14,39.4
shps.us,40,2,17,16,73.4
shps.us,40,2,18,11,19.8
shps.us,40,2,19,18,47.8
shps.us,40,2,20,16,70.4
shps.us,40,2,21,13,71.1
shps.us,40,2,22,15,46.9
shps.us,40,2,23,13,15.3
shps.us,40,2,24,17,79.7
shps.us,40,3,25,14,31.9
shps.us,40,3,26,17,35.4
shps.us,40,3,27,16,65.6
shps.us,40,3,28,15,106.2
shps.us,40,3,29,11,116.3
shps.us,40,3,30,17,71.8
shps.us,40,3,31,10,49.5
shps.us,40,3,32,16,72.4
shps.us,40,3,33,13,130.4
shps.us,40,3,34,11,125
shps.us,40,3,35,16,131
shps.us,40,3,36,14,68
shps.us,40,4,37,16,196.4
shps.us,40,4,38,14,135.1
shps.us,40,4,39,17,198.7
shps.us,40,4,40,14,105.7
shps.us,40,4,41,14,249
shps.us,40,4,42,18,184.5
shps.us,40,4,43,14,190.7
shps.us,40,4,44,14,126.7
shps.us,40,4,45,14,64.3
shps.us,40,4,46,17,163.8
shps.us,40,4,47,16,121.6
shps.us,40,4,48,15,76.2
sgs.us,41,1,1,6,146.3
sgs.us,41,1,2,6,111.3
sgs.us,41,1,3,5,80.2
sgs.us,41,1,4,5,95.5
sgs.us,41,1,5,4,98.9
sgs.us,41,1,7,NA,NA
sgs.us,41,1,8,7,95.8
sgs.us,41,1,9,6,143.2
sgs.us,41,1,10,2,131.4
sgs.us,41,1,11,4,151.8
sgs.us,41,1,12,6,131.1
sgs.us,41,2,14,NA,NA
sgs.us,41,2,15,6,169.6
sgs.us,41,2,16,8,145.4
sgs.us,41,2,17,5,111
sgs.us,41,2,18,7,139
sgs.us,41,2,19,5,193.5
sgs.us,41,2,20,NA,NA
sgs.us,41,2,21,NA,NA
sgs.us,41,2,22,4,114.4
sgs.us,41,2,23,6,128.4
sgs.us,41,2,24,9,123.8
sgs.us,41,2,25,6,197.5
sgs.us,41,2,26,4,130.7
sgs.us,41,3,29,7,78.8
sgs.us,41,3,30,6,71.8
sgs.us,41,3,31,9,73.5
sgs.us,41,3,32,7,58.2
sgs.us,41,3,33,7,222.8
sgs.us,41,3,36,5,146.1
sgs.us,41,3,37,5,241.3
sgs.us,41,3,38,5,123.8
sgs.us,41,3,39,8,102.4
sgs.us,41,3,40,7,129.2
sier.us,42,1,1,7,298.45
sier.us,42,1,2,4,226.9
sier.us,42,1,3,6,277.8
sier.us,42,1,4,5,158.25
sier.us,42,1,5,5,142.55
sier.us,42,1,6,8,287.35
sier.us,42,1,7,6,44.6
sier.us,42,1,8,7,152.25
sier.us,42,1,9,6,273.55
sier.us,42,1,10,7,285.8
sier.us,42,2,11,13,200.35
sier.us,42,2,12,4,96.15
sier.us,42,2,13,6,90.5
sier.us,42,2,14,5,187.8
sier.us,42,2,15,8,187.3
sier.us,42,2,16,13,207.15
sier.us,42,2,17,6,124.95
sier.us,42,2,18,11,206.75
sier.us,42,2,19,5,222.4
sier.us,42,2,20,5,335.65
sier.us,42,3,21,10,133.5
sier.us,42,3,22,10,171.4
sier.us,42,3,23,9,149.5
sier.us,42,3,24,13,79.45
sier.us,42,3,25,9,92.3
sier.us,42,3,26,9,267.65
sier.us,42,3,27,10,147.85
sier.us,42,3,28,9,150.3
sier.us,42,3,29,8,94.75
sier.us,42,3,30,10,132.55
sier.us,42,4,31,5,NA
sier.us,42,4,32,7,NA
sier.us,42,4,33,4,NA
sier.us,42,4,34,8,NA
sier.us,42,4,35,8,NA
sier.us,42,4,36,6,NA
sier.us,42,4,37,6,NA
sier.us,42,4,38,4,NA
sier.us,42,4,39,6,NA
sier.us,42,4,40,3,NA
sier.us,42,5,41,7,NA
sier.us,42,5,42,8,NA
sier.us,42,5,43,2,NA
sier.us,42,5,44,7,NA
sier.us,42,5,45,5,NA
sier.us,42,5,46,5,NA
sier.us,42,5,47,6,NA
sier.us,42,5,48,5,NA
sier.us,42,5,49,5,NA
sier.us,42,5,50,6,NA
smith.us,43,1,1,24,403.19
smith.us,43,1,2,18,421.4
smith.us,43,1,3,24,278.04
smith.us,43,1,4,22,301.51
smith.us,43,1,5,20,294.07
smith.us,43,1,6,17,312.4
smith.us,43,1,7,20,409.8
smith.us,43,1,8,22,575.9
smith.us,43,1,9,19,401.81
smith.us,43,1,10,20,400.94
smith.us,43,2,11,28,352.88
smith.us,43,2,12,20,373.25
smith.us,43,2,13,24,458.34
smith.us,43,2,14,25,327.94
smith.us,43,2,15,23,515.59
smith.us,43,2,16,19,442.04
smith.us,43,2,17,22,338.81
smith.us,43,2,18,22,354.19
smith.us,43,2,19,20,438.1
smith.us,43,2,20,22,375.65
smith.us,43,3,21,25,335.32
smith.us,43,3,22,17,430.25
smith.us,43,3,23,25,270.98
smith.us,43,3,24,22,380.88
smith.us,43,3,25,21,472.11
smith.us,43,3,26,22,537.81
smith.us,43,3,27,18,413.59
smith.us,43,3,28,22,415.85
smith.us,43,3,29,21,354.74
smith.us,43,3,30,21,393.15
spin.us,44,1,1,8,395
spin.us,44,1,2,8,402
spin.us,44,1,3,8,340
spin.us,44,1,4,8,451
spin.us,44,1,5,4,257.22
spin.us,44,1,6,5,647
spin.us,44,1,7,7,351
spin.us,44,1,8,6,634
spin.us,44,1,9,6,341
spin.us,44,1,10,8,596
spin.us,44,2,11,7,399
spin.us,44,2,12,7,702
spin.us,44,2,13,6,367
spin.us,44,2,14,6,489
spin.us,44,2,15,4,368
spin.us,44,2,16,8,576
spin.us,44,2,17,7,299.42
spin.us,44,2,18,5,473
spin.us,44,2,19,8,364
spin.us,44,2,20,9,504
spin.us,44,3,21,8,464
spin.us,44,3,22,7,568
spin.us,44,3,23,7,247
spin.us,44,3,24,8,565
spin.us,44,3,25,8,308
spin.us,44,3,26,7,802
spin.us,44,3,27,7,349
spin.us,44,3,28,8,441
spin.us,44,3,29,9,393
spin.us,44,3,30,7,960
summ.za,45,1,1,37,475.5
summ.za,45,1,2,30,232
summ.za,45,1,3,33,434
summ.za,45,1,4,34,246.5
summ.za,45,1,5,34,348.5
summ.za,45,1,6,33,257.5
summ.za,45,1,7,34,390
summ.za,45,1,8,33,418
summ.za,45,1,9,32,225.5
summ.za,45,1,10,32,250
summ.za,45,2,11,32,161.5
summ.za,45,2,12,29,330
summ.za,45,2,13,30,200
summ.za,45,2,14,34,306
summ.za,45,2,15,29,385
summ.za,45,2,16,29,274
summ.za,45,2,17,32,256.5
summ.za,45,2,18,30,286
summ.za,45,2,19,26,335
summ.za,45,2,20,36,305
summ.za,45,3,21,31,426
summ.za,45,3,22,28,302.5
summ.za,45,3,23,30,362.5
summ.za,45,3,24,31,336
summ.za,45,3,25,33,260
summ.za,45,3,26,26,436
summ.za,45,3,27,33,291.5
summ.za,45,3,28,32,340.5
summ.za,45,3,29,31,250
summ.za,45,3,30,28,271
temple.us,46,1,1,19,282.55
temple.us,46,1,2,22,254.05
temple.us,46,1,3,24,328.25
temple.us,46,1,4,27,240.25
temple.us,46,1,5,24,304
temple.us,46,1,6,23,243.45
temple.us,46,1,7,19,191.35
temple.us,46,1,8,23,241.4
temple.us,46,2,11,29,101.65
temple.us,46,2,12,27,485.1
temple.us,46,2,13,28,390.75
temple.us,46,2,14,22,335.15
temple.us,46,2,15,26,353.2
temple.us,46,2,16,29,485.1
temple.us,46,2,17,23,420.2
temple.us,46,2,18,17,451.95
temple.us,46,2,19,27,402.3
temple.us,46,2,20,24,192.25
temple.us,46,3,21,24,216.1
temple.us,46,3,22,26,557.8
temple.us,46,3,23,22,220.55
temple.us,46,3,24,23,209.05
temple.us,46,3,25,25,548.45
temple.us,46,3,26,29,209.95
temple.us,46,3,27,30,437.05
temple.us,46,3,28,21,148.5
tyso.us,47,1,1,11,416.3
tyso.us,47,1,2,14,352.4
tyso.us,47,1,3,13,381.1
tyso.us,47,1,4,13,554.5
tyso.us,47,1,5,11,490.1
tyso.us,47,1,6,13,420.95
tyso.us,47,1,7,13,478.4
tyso.us,47,1,8,12,424.4
tyso.us,47,1,9,10,444.15
tyso.us,47,1,10,11,414.9
tyso.us,47,2,11,12,239.8
tyso.us,47,2,12,15,258.05
tyso.us,47,2,13,14,547.1
tyso.us,47,2,14,6,430.55
tyso.us,47,2,15,9,731.05
tyso.us,47,2,16,12,613.55
tyso.us,47,2,17,12,355.7
tyso.us,47,2,18,15,472.15
tyso.us,47,2,19,15,366.45
tyso.us,47,2,20,10,318.45
tyso.us,47,3,21,6,365.65
tyso.us,47,3,22,8,495.65
tyso.us,47,3,23,17,465.05
tyso.us,47,3,24,11,318.7
tyso.us,47,3,25,12,338.55
tyso.us,47,3,26,11,402.05
tyso.us,47,3,27,17,541.2
tyso.us,47,3,28,16,504.5
tyso.us,47,3,29,18,536.95
tyso.us,47,3,30,14,559.8
tyso.us,47,4,31,11,553.05
tyso.us,47,4,32,9,292.25
tyso.us,47,4,33,10,416.9
tyso.us,47,4,34,9,354.2
tyso.us,47,4,35,9,504.75
tyso.us,47,4,36,10,443.15
tyso.us,47,4,37,15,481.25
tyso.us,47,4,38,12,551
tyso.us,47,4,39,10,437.95
tyso.us,47,4,40,11,353.65
valm.ch,48,1,1,19,249.75
valm.ch,48,1,2,22,347.05
valm.ch,48,1,3,22,265.95
valm.ch,48,1,4,25,430.55
valm.ch,48,1,5,25,407.05
valm.ch,48,1,6,27,461.1
valm.ch,48,1,7,26,365.5
valm.ch,48,1,8,23,238.55
valm.ch,48,1,9,21,649.9
valm.ch,48,1,10,25,433.6
valm.ch,48,2,11,24,204.75
valm.ch,48,2,12,23,399.4
valm.ch,48,2,13,23,512.65
valm.ch,48,2,14,21,190.45
valm.ch,48,2,15,23,282.45
valm.ch,48,2,16,30,375.45
valm.ch,48,2,17,27,207.7
valm.ch,48,2,18,24,270.65
valm.ch,48,2,19,19,118.95
valm.ch,48,2,20,24,342.05
valm.ch,48,3,21,31,223
valm.ch,48,3,22,28,616.35
valm.ch,48,3,23,31,276.9
valm.ch,48,3,24,30,319.8
valm.ch,48,3,25,29,458.8
valm.ch,48,3,26,27,188.85
valm.ch,48,3,27,29,174.3
valm.ch,48,3,28,28,212.75
valm.ch,48,3,29,29,224.5
valm.ch,48,3,30,22,210.6
